hotel;pergunta;esperado
mare-alta;pode levar cachorro grande?;10 kg
mare-alta;que hora termina o cafe?;10h
mare-alta;tem estacionamento coberto?;10 vagas
mare-alta;a pousada fica perto do mar?;150 m
mare-alta;o check out é que horas?;12h
mare-alta;tem cofre dentro do quarto?;ESCALAR
mare-alta;a senha do wifi é qual mesmo?;marealta2026
mare-alta;posso fazer late check out ate as 15h?;14h
mare-alta;meu filho de 7 anos paga?;5 anos
mare-alta;vcs aceitam boleto?;Pix
mare-alta;tem restaurante perto?;restaurantes
mare-alta;pode fazer barulho a noite?;22h
mare-alta;da desconto pra estudante?;ESCALAR
mare-alta;qual a capital da frança;FORA_ESCOPO
mare-alta;quero cancelar;7 dias
serra-verde;posso levar meu gato?;não aceitamos
serra-verde;o chale tem cozinha?;ESCALAR
serra-verde;que horas tenho que sair do chale?;12h
serra-verde;a cesta de cafe chega que horas?;8h
serra-verde;a estrada tem asfalto?;estrada de terra
serra-verde;cabem 4 pessoas no chale casal?;Chalé Família
serra-verde;tem lenha pra lareira?;lenha
serra-verde;o zelador atende ate que horas?;20h
serra-verde;posso pagar no cartao?;Pix
serra-verde;tem trilha pra fazer?;trilhas
serra-verde;vcs tem ar condicionado?;ESCALAR
serra-verde;que dia é hoje?;FORA_ESCOPO
serra-verde;me passa o endereco;Estrada do Vale Verde
serra-verde;o chuveiro nao esquenta;ESCALAR
serra-verde;tem vaga no carnaval?;datas
